{"info":{"_postman_id":"24a1989c-3e89-444a-a99c-5ce7e8db5a17","name":"Apisix","schema":"https://schema.getpostman.com/json/collection/v2.1.0/collection.json"},"item":[{"name":"CreateRoutes","id":"81563f04-f4fb-40fd-b05e-b8e5c2490d47","protocolProfileBehavior":{"disableBodyPruning":true},"request":{"method":"PUT","header":[{"key":"X-API-KEY","value":"{{apisix_admin_key}}","type":"text"}],"body":{"mode":"raw","raw":"{\r\n    \"uri\": \"/hello\",\r\n    \"plugins\": {},\r\n    \"upstream\": {\r\n        \"type\": \"roundrobin\",\r\n        \"nodes\": {\r\n            \"http://web1:80\": 1\r\n        }\r\n    }\r\n}","options":{"raw":{"language":"json"}}},"url":{"raw":"{{apisix_url}}/apisix/admin/routes/1","host":["{{apisix_url}}"],"path":["apisix","admin","routes","1"]}},"response":[]},{"name":"DeleteRoutes","id":"cc8f8156-3a7f-41ea-92d0-be1f81ff532e","protocolProfileBehavior":{"disableBodyPruning":true},"request":{"method":"DELETE","header":[{"key":"X-API-KEY","value":"{{apisix_admin_key}}","type":"text"}],"body":{"mode":"raw","raw":"{\r\n    \"uri\": \"/hello\",\r\n    \"plugins\": {},\r\n    \"upstream\": {\r\n        \"type\": \"roundrobin\",\r\n        \"nodes\": {\r\n            \"http://web1:80\": 1\r\n        }\r\n    }\r\n}","options":{"raw":{"language":"json"}}},"url":{"raw":"{{apisix_url}}/apisix/admin/routes/1","host":["{{apisix_url}}"],"path":["apisix","admin","routes","1"]}},"response":[]}],"variable":[{"id":"980979d6-e588-4df0-956f-f9b86e0ce315","key":"apisix_url","value":"http://127.0.0.1:9180"},{"id":"627cf943-b9e3-4663-a1ff-424cdd61c779","key":"apisix_admin_key","value":"edd1c9f034335f136f87ad84b625c8f1"}]}