{"info":{"_postman_id":"b55b0d7f-0c43-4123-9312-e45c9180589c","name":"Consul","schema":"https://schema.getpostman.com/json/collection/v2.1.0/collection.json"},"item":[{"name":"ServiceRegister","id":"de451510-f1c0-411e-9393-a11c16862722","protocolProfileBehavior":{"disableBodyPruning":true},"request":{"method":"PUT","header":[],"body":{"mode":"raw","raw":"{\r\n    \"Name\": \"apisix\",\r\n    \"Address\": \"http://apisix\",\r\n    \"Meta\": {\r\n        \"gravitee_path\": \"/apisix\"\r\n    },\r\n    \"Port\": 9080\r\n}","options":{"raw":{"language":"json"}}},"url":{"raw":"{{consul_url}}/v1/agent/service/register","host":["{{consul_url}}"],"path":["v1","agent","service","register"]}},"response":[]},{"name":"DeregisterService","id":"3bfa0e29-c249-4076-b772-4e89135824b1","protocolProfileBehavior":{"disableBodyPruning":true},"request":{"method":"PUT","header":[],"body":{"mode":"raw","raw":"","options":{"raw":{"language":"json"}}},"url":{"raw":"{{consul_url}}/v1/agent/service/deregister/apisix","host":["{{consul_url}}"],"path":["v1","agent","service","deregister","apisix"]}},"response":[]},{"name":"CheckRegister","id":"2cc2f5be-1948-4d4b-bdc6-81cb789a9cb0","protocolProfileBehavior":{"disableBodyPruning":true},"request":{"method":"PUT","header":[],"body":{"mode":"raw","raw":"{\r\n    \"ID\": \"keycloak-up-check\",\r\n    \"Name\": \"Keycloak\",\r\n    \"Notes\": \"Keycloak servis kontrolü\",\r\n    \"DeregisterCriticalServiceAfter\": \"90m\",\r\n    \"HTTP\": \"http://keycloak:8080/health/live\",\r\n    \"Method\": \"GET\",\r\n    \"service_id\": \"keycloak\",\r\n    \"DisableRedirects\": true,\r\n    \"Interval\": \"10s\",\r\n    \"Timeout\": \"5s\",\r\n    \"TLSSkipVerify\": true\r\n}","options":{"raw":{"language":"json"}}},"url":{"raw":"{{consul_url}}/v1/agent/check/register","host":["{{consul_url}}"],"path":["v1","agent","check","register"]}},"response":[]},{"name":"ServiceDetail","id":"a20c5d5a-54f6-470d-bf90-a6d8d9fd1d8d","protocolProfileBehavior":{"disableBodyPruning":true},"request":{"method":"GET","header":[],"body":{"mode":"raw","raw":"{\r\n    \"Name\": \"keycloak2\",\r\n    \"Address\": \"http://localhost:8080\",\r\n    \"Meta\": {\r\n        \"gravitee_path\": \"/keycloak2\"\r\n    },\r\n    \"Port\": 8080\r\n}","options":{"raw":{"language":"json"}}},"url":{"raw":"{{consul_url}}/v1/agent/health/service/name/keycloak","host":["{{consul_url}}"],"path":["v1","agent","health","service","name","keycloak"]}},"response":[]}],"variable":[{"id":"c9d04e63-4274-4e62-80a5-c5748cc0f6f9","key":"consul_url","value":"http://localhost:8500"}]}