{"info":{"_postman_id":"ab2afce9-4766-4c46-b926-0da38394819f","name":"Keycloak","schema":"https://schema.getpostman.com/json/collection/v2.1.0/collection.json"},"item":[{"name":"Keycloak-Spring","item":[{"name":"UserReq","id":"87b9a953-f154-4873-ac26-a74159fd3123","protocolProfileBehavior":{"disableBodyPruning":true},"request":{"auth":{"type":"bearer","bearer":[{"key":"token","value":"{{access_token}}","type":"string"}]},"method":"GET","header":[],"url":{"raw":"{{spring_url}}/demo/user","host":["{{spring_url}}"],"path":["demo","user"]}},"response":[]},{"name":"ReadAllEmployees","id":"e57d4f9b-c45a-44d0-8bbe-eb6846e5d3b4","protocolProfileBehavior":{"disableBodyPruning":true},"request":{"auth":{"type":"bearer","bearer":[{"key":"token","value":"{{access_token}}","type":"string"}]},"method":"GET","header":[],"url":{"raw":"{{spring_url}}/employees","host":["{{spring_url}}"],"path":["employees"]}},"response":[]},{"name":"ReadAllUsers","id":"8dc19041-b590-4d23-bb2f-d5fb45cb17a2","protocolProfileBehavior":{"disableBodyPruning":true},"request":{"auth":{"type":"bearer","bearer":[{"key":"token","value":"{{access_token}}","type":"string"}]},"method":"GET","header":[],"url":{"raw":"{{spring_url}}/users/nar-demo","host":["{{spring_url}}"],"path":["users","nar-demo"]}},"response":[]},{"name":"ReadEmployeeById","id":"b2233fb5-fb8b-435d-9116-518079db6852","protocolProfileBehavior":{"disableBodyPruning":true},"request":{"auth":{"type":"bearer","bearer":[{"key":"token","value":"{{access_token}}","type":"string"}]},"method":"GET","header":[],"url":{"raw":"{{spring_url}}/employees/2","host":["{{spring_url}}"],"path":["employees","2"]}},"response":[]},{"name":"DeleteEmployee","id":"1d290761-5186-49e3-bcdb-b2da6ef6f441","protocolProfileBehavior":{"disableBodyPruning":true},"request":{"auth":{"type":"bearer","bearer":[{"key":"token","value":"{{access_token}}","type":"string"}]},"method":"DELETE","header":[],"url":{"raw":"{{spring_url}}/employees/1","host":["{{spring_url}}"],"path":["employees","1"]}},"response":[]},{"name":"CreateEmployee","id":"56655e27-264c-4788-8848-875458123fbf","protocolProfileBehavior":{"disableBodyPruning":true},"request":{"auth":{"type":"bearer","bearer":[{"key":"token","value":"{{access_token}}","type":"string"}]},"method":"POST","header":[],"body":{"mode":"raw","raw":"{\r\n    \"name\": \"Yusuf\",\r\n    \"age\": 29\r\n}","options":{"raw":{"language":"json"}}},"url":{"raw":"{{spring_url}}/employees","host":["{{spring_url}}"],"path":["employees"]}},"response":[]}],"id":"cea50098-2784-4290-a428-7bf1a99084f2"},{"name":"Login","event":[{"listen":"test","script":{"id":"3a112ef7-a148-4e23-9a7d-396b18205d16","exec":["pm.collectionVariables.set(\"access_token\", pm.response.json().access_token)\r","pm.collectionVariables.set(\"refresh_token\", pm.response.json().refresh_token)\r",""],"type":"text/javascript"}}],"id":"e1bc77d4-2742-4e2d-9073-a866738bf615","protocolProfileBehavior":{"disableBodyPruning":true},"request":{"method":"POST","header":[],"body":{"mode":"urlencoded","urlencoded":[{"key":"grant_type","value":"password","type":"text"},{"key":"username","value":"{{username}}","type":"text"},{"key":"password","value":"{{password}}","type":"text"},{"key":"client_id","value":"{{clientId}}","type":"text"},{"key":"client_secret","value":"{{clientSecret}}","type":"text"}]},"url":{"raw":"{{keycloak_host}}/realms/{{realm}}/protocol/openid-connect/token","host":["{{keycloak_host}}"],"path":["realms","{{realm}}","protocol","openid-connect","token"]}},"response":[]},{"name":"Introspect","event":[{"listen":"test","script":{"id":"3a112ef7-a148-4e23-9a7d-396b18205d16","exec":[""],"type":"text/javascript"}}],"id":"fa345548-445a-4492-b3c1-db98b5a98ff6","protocolProfileBehavior":{"disableBodyPruning":true},"request":{"method":"POST","header":[],"body":{"mode":"urlencoded","urlencoded":[{"key":"client_id","value":"{{clientId}}","type":"text"},{"key":"client_secret","value":"{{clientSecret}}","type":"text"},{"key":"token","value":"{{access_token}}","type":"text"}]},"url":{"raw":"{{keycloak_host}}/realms/{{realm}}/protocol/openid-connect/token/introspect","host":["{{keycloak_host}}"],"path":["realms","{{realm}}","protocol","openid-connect","token","introspect"]}},"response":[]},{"name":"GetAccessToken","event":[{"listen":"test","script":{"id":"49173008-c640-4610-a4b2-3597da09e20e","exec":["pm.collectionVariables.set(\"access_token\", pm.response.json().access_token)\r","pm.collectionVariables.set(\"refresh_token\", pm.response.json().refresh_token)\r",""],"type":"text/javascript"}}],"id":"d6cd3ba0-24a3-4520-82cf-c35ef34ed546","protocolProfileBehavior":{"disableBodyPruning":true},"request":{"auth":{"type":"bearer","bearer":[{"key":"token","value":"{{access_token}}","type":"string"}]},"method":"POST","header":[],"body":{"mode":"urlencoded","urlencoded":[{"key":"client_id","value":"{{clientId}}","type":"text"},{"key":"client_secret","value":"{{clientSecret}}","type":"text"},{"key":"refresh_token","value":"{{refresh_token}}","type":"text"},{"key":"grant_type","value":"refresh_token","type":"text"}]},"url":{"raw":"{{keycloak_host}}/realms/{{realm}}/protocol/openid-connect/token","host":["{{keycloak_host}}"],"path":["realms","{{realm}}","protocol","openid-connect","token"]}},"response":[]},{"name":"Logout","event":[{"listen":"test","script":{"id":"72fd24b0-85a0-481b-ab29-58d04453b13f","exec":["pm.collectionVariables.set(\"access_token\", \"\")\r","pm.collectionVariables.set(\"refresh_token\", \"\")\r",""],"type":"text/javascript"}}],"id":"bdd01d1c-7a40-4520-af82-15924f4902e6","protocolProfileBehavior":{"disableBodyPruning":true},"request":{"method":"POST","header":[],"body":{"mode":"urlencoded","urlencoded":[{"key":"client_id","value":"{{clientId}}","type":"text"},{"key":"client_secret","value":"{{clientSecret}}","type":"text"},{"key":"refresh_token","value":"{{refresh_token}}","type":"text"}]},"url":{"raw":"{{keycloak_host}}/realms/{{realm}}/protocol/openid-connect/logout","host":["{{keycloak_host}}"],"path":["realms","{{realm}}","protocol","openid-connect","logout"]}},"response":[]}],"event":[{"listen":"prerequest","script":{"id":"50647182-4f62-4063-aab4-a75142f37eba","type":"text/javascript","exec":[""]}},{"listen":"test","script":{"id":"749bc3a4-ea78-45ac-b9e6-b0cb87b00dd7","type":"text/javascript","exec":[""]}}],"variable":[{"id":"75b9bbc4-3395-4964-986e-7c6fbf003f42","key":"keycloak_host","value":"http://localhost:8080"},{"id":"43ecd7a3-b053-4ea8-8454-170e30126355","key":"clientId","value":"demo-rest-api"},{"id":"1b0d4a12-3096-45c1-9c07-553f0f584a08","key":"clientSecret","value":"iR7SHkREav9ZoosBbqvo0aIEvFuZtULI"},{"id":"e17d7b4d-99dd-4899-8291-0814c16e8f32","key":"realm","value":"nar-demo"},{"id":"72575299-4059-44a6-b48c-a6550e2261aa","key":"access_token","value":"","type":"string"},{"id":"2c7e4c74-d2b2-4354-a752-22a7750ac2b0","key":"refresh_token","value":"","type":"string"},{"id":"7040c1c0-8ab4-4058-bc62-ce43cad10db8","key":"spring_url","value":"http://localhost:8081"}]}